video,vid_start_unix,sensor_first_unix,sensor_sec_elapsed,s_to_senser_from_v,min_to_senser_from_v
11-14-22,1668435437,1668434825342666800,0.272666748,611.9300065,10.19883344
11-15-22,1668541502,1668541388138086000,0.2020859375,114.0640061,1.901066768
11-16-22,1668630415,1668630273116930600,0.2809306641,142.1640007,2.369400012